業務種別,許可番号,名称,所在地,開設者氏名,有効期間
薬局,351,ミカサ薬局,熊本市中央区下通1丁目６‐１３,有限会社三笠薬品商会,令和6年1月1日～令和11年12月31日
薬局,354,保険調剤薬局同仁堂上通店,熊本市中央区上通町２番７号,株式会社同仁堂,令和6年1月1日～令和11年12月31日
薬局,355,有限会社船場調剤薬局,熊本市中央区新町2丁目１０番３９号,有限会社船場調剤薬局,令和4年1月1日～令和9年12月31日
薬局,356,有限会社好生堂薬局,熊本市中央区新町3丁目３番２号,有限会社好生堂薬局,令和5年1月1日～令和10年12月31日
薬局,357,城南調剤薬局,熊本市南区城南町隈庄５７５,有限会社城南ドラッグストア,令和5年10月12日～令和11年10月11日
薬局,362,有限会社ベラドンナ　開明堂薬局,熊本市中央区九品寺２丁目１番２４号,有限会社ベラドンナ,令和4年1月1日～令和9年12月31日
薬局,364,有限会社カイホウ薬局,熊本市東区錦ヶ丘３２番２１号,有限会社カイホウ薬局,令和6年1月1日～令和11年12月31日
薬局,365,株式会社長寿堂薬局,熊本市中央区大江6丁目２３番２号,株式会社長寿堂薬局,令和6年1月1日～令和11年12月31日
薬局,370,有限会社タチバナ薬局,熊本市中央区南熊本4丁目２番１４号,有限会社タチバナ薬局,令和4年1月1日～令和9年12月31日
薬局,371,有限会社日吉薬局,熊本市南区日吉2丁目７番５４号,有限会社日吉薬局,令和5年1月1日～令和10年12月31日
薬局,372,タカエ薬局,熊本市東区新外3丁目９番６５号,有限会社タカエ,令和5年1月1日～令和10年12月31日
薬局,375,植木中央調剤薬局,熊本市北区植木町舞尾５８９－１,有限会社植木中央調剤薬局,令和6年1月1日～令和11年12月31日
薬局,380,有限会社中村漢方,熊本市中央区帯山1丁目１９番９号,有限会社中村漢方,令和6年1月1日～令和11年12月31日
薬局,384,いちかど薬局新外店,熊本市東区新外2丁目６番４０号,有限会社いちかど,令和4年1月1日～令和9年12月31日
薬局,386,秋津薬局,熊本市東区花立2丁目１６番１４号,有限会社日吉薬局,令和4年1月1日～令和9年12月31日
薬局,387,有限会社細工町薬局,熊本市中央区細工町4丁目１２番１２号,有限会社細工町薬局,令和4年3月24日～令和10年3月23日
薬局,388,田崎調剤薬局,熊本市西区田崎1丁目５番５７号,有限会社中九州みどり,令和4年1月1日～令和9年12月31日
薬局,389,有限会社なかよし薬局,熊本市南区八分字町８９番地２,有限会社なかよし薬局,令和4年1月1日～令和9年12月31日
薬局,392,有限会社伸共薬局,熊本市西区田崎本町３番２０号,有限会社伸共,令和5年1月1日～令和10年12月31日
薬局,393,シモカワ萩原調剤薬局,熊本市中央区萩原町３番１５号,株式会社下川薬局,令和5年1月1日～令和10年12月31日
薬局,395,ノムラ薬局,熊本市南区城南町阿高３２６－１,有限会社ノムラ,令和5年1月1日～令和10年12月31日
薬局,396,ごふく薬局,熊本市中央区呉服町1丁目３０番地,有限会社　呉服薬局,令和5年1月1日～令和10年12月31日
薬局,398,参道薬局,熊本市中央区北千反畑町２番１８号,有限会社フォーレスト・フィールド,令和5年1月1日～令和10年12月31日
薬局,402,有限会社ファミリー調剤薬局,熊本市中央区国府1丁目１１－７,有限会社ファミリー調剤薬局,令和6年1月1日～令和11年12月31日
薬局,406,ムラセ薬局,熊本市南区御幸笛田4丁目１４番地１７号,有限会社ムラセ薬局,令和6年1月1日～令和11年12月31日
薬局,408,西子飼調剤薬局,熊本市中央区西子飼町６番７号,有限会社エム・アイ・エス,令和6年1月1日～令和11年12月31日
薬局,409,シンセイ薬局,熊本市西区城山下代３丁目２－３,有限会社シンセイ薬局,平成30年9月14日～令和6年9月13日
薬局,410,大和調剤薬局,熊本市中央区九品寺6丁目１番２５号,有限会社　サザンメディカル,平成30年9月29日～令和6年9月28日
薬局,411,黒髪薬局,熊本市中央区黒髪1丁目８番４８号,清藤　克代,平成30年10月18日～令和6年10月17日
薬局,412,有限会社松林堂薬局北部店,熊本市北区西梶尾町４５１番１号,有限会社松林堂,平成30年11月10日～令和6年11月9日
薬局,413,シモカワ江津調剤薬局,熊本市東区江津1丁目１番５号,株式会社下川薬局,令和6年1月1日～令和11年12月31日
薬局,416,かねこ調剤薬局,熊本市北区小糸山町７６１－１,有限会社かねこ調剤薬局,令和4年1月1日～令和9年12月31日
薬局,417,松寿堂薬局,熊本市西区池田1丁目３１－３２,有限会社中村漢方,令和4年1月1日～令和9年12月31日
薬局,421,有限会社みなみ調剤薬局,熊本市西区田崎3丁目６０２－９,有限会社みなみ調剤薬局,令和5年3月21日～令和11年3月20日
薬局,426,有限会社ハッピー薬局,熊本市東区長嶺南2丁目４番３号,有限会社ハッピー薬局,令和6年1月1日～令和11年12月31日
薬局,427,川尻調剤薬局,熊本市南区川尻5丁目１番５９号,有限会社日吉薬局,令和6年1月1日～令和11年12月31日
薬局,428,清水本町調剤薬局,熊本市北区清水本町６番１号,有限会社アップル薬局,令和6年1月1日～令和11年12月31日
薬局,429,アップル薬局とろく店,熊本市中央区渡鹿4丁目１８番１号サンタジマビル１０１,有限会社アップル薬局,令和6年1月1日～令和11年12月31日
薬局,431,はなぞの調剤薬局,熊本市西区花園二丁目１番６１号,有限会社太田企画,令和6年1月1日～令和11年12月31日
薬局,432,すみれ調剤薬局,熊本市北区植木町一木１７３－３,有限会社ファーウェル,令和6年1月1日～令和11年12月31日
薬局,433,有限会社すずらん堂薬局,熊本市西区城山下代三丁目１番５号,有限会社すずらん堂薬局,令和6年1月1日～令和11年12月31日
薬局,436,ムラセ薬局武蔵ヶ丘店,熊本市北区武蔵ヶ丘二丁目２－１,有限会社ムラセ薬局,令和6年1月1日～令和11年12月31日
薬局,440,そうごう薬局会富店,熊本市南区会富町１１２７－２,総合メディカル株式会社,令和6年1月1日～令和11年12月31日
薬局,441,坂梨薬局,熊本市西区上熊本3丁目２番４号,有限会社坂梨薬局,令和6年1月1日～令和11年12月31日
薬局,443,ライフ薬局清水店,熊本市北区高平3丁目３６－２４,株式会社創健,令和3年12月18日～令和9年12月17日
薬局,444,菊陽薬局,熊本市東区鹿帰瀬町３０１番地１,有限会社菊陽薬局,令和4年1月1日～令和9年12月31日
薬局,445,ケンコウ堂薬局上熊本店,熊本市西区上熊本３－１６－１７,有限会社ケンコウ堂メデカル,令和4年1月1日～令和9年12月31日
薬局,448,八景水谷薬局,熊本市北区八景水谷2丁目6番41号,有限会社コム,令和4年1月1日～令和9年12月31日
薬局,450,グリーン薬局神水店,熊本市中央区神水１丁目３３－１１,有限会社メディックス,令和4年1月1日～令和9年12月31日
薬局,452,のぞみ薬局,熊本市中央区新町４丁目４番２４号,有限会社ティーアール,令和4年1月1日～令和9年12月31日
薬局,453,ふれあい薬局,熊本市南区鳶町2丁目８番６号,有限会社坂口薬品,令和4年1月1日～令和9年12月31日
薬局,454,有限会社三進堂薬局,熊本市北区飛田3丁目９番２１号,有限会社三進堂薬局,令和4年1月1日～令和9年12月31日
薬局,456,薬局クスリのカワツ,熊本市中央区水前寺6丁目２１番２３号,株式会社クスリのカワツ,令和5年1月1日～令和10年12月31日
薬局,461,国立前薬局,熊本市中央区古城町２番１６号,株式会社ミユキメディカル,令和5年1月1日～令和10年12月31日
薬局,462,そうごう薬局　みゆき店,熊本市南区御幸笛田6丁目８－３,総合メディカル株式会社,令和6年1月11日～令和12年1月10日
薬局,464,有限会社十字堂調剤薬局,熊本市中央区新町2丁目１２番３７号,有限会社十字堂調剤薬局,令和6年1月1日～令和11年12月31日
薬局,465,松の実薬局,熊本市西区上代4丁目12-11,有限会社松の実薬局,令和6年1月1日～令和11年12月31日
薬局,466,保険調剤　みらい薬局,熊本市中央区水前寺4丁目３０－２８,有限会社ミッテル,令和6年1月1日～令和11年12月31日
薬局,467,すこやか堂薬局,熊本市中央区大江1丁目２１－１５,有限会社西口晴秀堂,令和6年1月1日～令和11年12月31日
薬局,471,シモカワ大江調剤薬局,熊本市中央区大江５丁目５番１号,株式会社下川薬局,令和6年1月1日～令和11年12月31日
薬局,472,鶴羽田薬局,熊本市北区鶴羽田3丁目1-52,ユタカ商事有限会社,平成30年11月20日～令和6年11月19日
薬局,474,八王寺団地アップル薬局,熊本市中央区八王寺町１６番７０号,有限会社アップル薬局,平成31年1月1日～令和6年12月31日
薬局,475,くじら薬局,熊本市南区奥古閑町字手永開４３９５番５,株式会社ファーマダイワ,平成31年1月1日～令和6年12月31日
薬局,477,（有）健軍校前薬局,熊本市東区健軍4丁目５－３,有限会社健軍校前薬局,平成31年1月1日～令和6年12月31日
薬局,478,ながみねオレンジ薬局,熊本市東区長嶺東8丁目1番47号-106号,有限会社　ながみねオレンジ薬局,平成31年1月1日～令和6年12月31日
薬局,479,グリーン薬局春日店,熊本市西区春日７丁目１９－６,有限会社メディックス,令和元年6月22日～令和7年6月21日
薬局,481,薬局プラム,熊本市西区池田1丁目１４－８３,有限会社しらうめ,平成31年1月1日～令和6年12月31日
薬局,482,ハート調剤薬局,熊本市東区三郎1丁目１４－２１,有限会社エム・エム・ドラッグ,令和2年1月8日～令和8年1月7日
薬局,483,有限会社　保険調剤　ひばり薬局,熊本市南区荒尾1丁目８－６７,有限会社　保険調剤　ひばり薬局,令和2年1月22日～令和8年1月21日
薬局,486,ファーコス薬局 本荘いちご,熊本市中央区本荘町６４５,株式会社ユニスマイル,令和2年3月26日～令和8年3月25日
薬局,488,クローバー調剤薬局,熊本市南区白藤1丁目２６－１２,有限会社エム・エム・ドラッグ,令和2年4月8日～令和8年4月7日
薬局,492,みのり調剤薬局,熊本市北区植木町豊田６０２－４,有限会社　東雲薬局,令和2年1月1日～令和7年12月31日
薬局,495,白藤ごふく薬局,熊本市南区白藤５丁目８７６－６,有限会社呉服薬局,令和2年9月18日～令和8年9月17日
薬局,496,そが薬局出町店,熊本市西区出町２－１４,有限会社曽我薬局,令和2年1月1日～令和7年12月31日
薬局,497,そうごう薬局島崎店,熊本市西区島崎2丁目７番２４号,総合メディカル株式会社,令和2年11月13日～令和8年11月12日
薬局,500,うえき町薬局,熊本市北区植木町岩野９３９番地４,鹿本菊池地区薬局事業協同組合,令和2年11月15日～令和8年11月14日
薬局,501,三恵薬局浜線店,熊本市南区田迎町田井島２２３－３,有限会社峰正商事,令和2年1月1日～令和7年12月31日
薬局,502,ことう薬局,熊本市東区湖東1丁目２番２０号,株式会社天草調剤薬局,令和3年1月1日～令和8年12月31日
薬局,503,りぼん薬局,熊本市南区出仲間1丁目５－２３,有限会社とみなが,令和2年12月17日～令和8年12月16日
薬局,504,うさぎ薬局,熊本市西区中原町骨居込６８８－１３,株式会社　七草堂,令和2年12月17日～令和7年12月31日
薬局,505,深浦薬局,熊本市北区楠6丁目１番３８号,深浦　恵子,令和3年1月1日～令和8年12月31日
薬局,508,富合中央薬局,熊本市南区富合町平原４０２,有限会社　ジュネスイトウ,令和3年1月1日～令和8年12月31日
薬局,509,くろかみオレンジ薬局,熊本市中央区黒髪6丁目１番３２号,有限会社くろかみオレンジ薬局,令和3年1月1日～令和8年12月31日
薬局,510,五丁目むさし薬局,熊本市北区武蔵ヶ丘５丁目１３－１０,有限会社光の森中央薬品,令和3年1月1日～令和8年12月31日
薬局,511,調剤薬局ケンコー堂新大江店,熊本市中央区新大江2丁目２－３,有限会社カネマル,令和3年1月1日～令和8年12月31日
薬局,513,シモカワ薬局下通店,熊本市中央区安政町１番２７号,株式会社下川薬局,令和3年1月1日～令和8年12月31日
薬局,515,こうざん調剤薬局,熊本市中央区本山町７９番地,有限会社ミッテル,令和3年1月1日～令和8年12月31日
薬局,516,つばさ薬局,熊本市北区清水岩倉2丁目１番５号,有限会社ミッテル,令和3年1月1日～令和8年12月31日
薬局,518,とみなが薬局,熊本市南区田迎4丁目９－４７,有限会社とみなが,令和3年1月1日～令和8年12月31日
薬局,519,植木病院前薬局,熊本市北区植木町広住５０３－３,有限会社　日吉薬局,令和3年1月1日～令和8年12月31日
薬局,521,おざき薬局,熊本市東区健軍3丁目５０－２２ブリュ－ゼ曙１Ｆ,有限会社おざき薬局,令和3年1月1日～令和8年12月31日
薬局,522,有限会社城山薬局,熊本市西区上代七丁目２９番１７号,有限会社城山薬局,令和3年1月1日～令和8年12月31日
薬局,525,曽我薬局,熊本市西区出町１番２号,有限会社曽我薬局,令和4年3月29日～令和10年3月28日
薬局,527,Ｋパ－ク薬局,熊本市南区田迎2丁目１８－１８,有限会社ペ－ハ－・ネットワ－ク,令和4年1月1日～令和9年12月31日
薬局,528,くまなん調剤薬局,熊本市中央区萩原町１７番２１号,有限会社くまなん調剤薬局,令和4年1月1日～令和9年12月31日
薬局,532,えず調剤薬局,熊本市東区江津２丁目２７－３２,有限会社九品寺調剤薬局,令和4年1月1日～令和9年12月31日
薬局,533,メロディー薬局,熊本市東区沼山津2丁目１番５号,有限会社みわ,令和4年1月1日～令和9年12月31日
薬局,535,シモカワオ－クス通り調剤薬局,熊本市中央区城東町４番７号グランガーデン熊本ビル１階,株式会社下川薬局,令和4年11月9日～令和10年11月8日
薬局,536,高橋薬局,熊本市中央区白山1丁目１番２号,合資会社高橋薬局,令和4年11月16日～令和10年11月15日
薬局,541,グリーン薬局長嶺店,熊本市東区戸島西３丁目２－５０,有限会社メディックス,令和5年1月1日～令和10年12月31日
薬局,542,出町薬局,熊本市西区出町４－２０,有限会社薬師,令和5年1月1日～令和10年12月31日
薬局,545,セガミ薬局　江津店,熊本市南区田井島1丁目１１番６号,株式会社ココカラファイン　ヘルスケア,令和5年1月1日～令和10年12月31日
薬局,546,イルカ調剤薬局,熊本市北区武蔵ヶ丘2丁目１番３２号,中野　賢誠,令和5年1月1日～令和10年12月31日
薬局,547,くまもと中央薬局,熊本市中央区本荘五丁目１６番１号金子ビル１F,一般社団法人熊本市薬剤師会,令和5年12月1日～令和11年11月30日
薬局,548,三気堂薬局清水店,熊本市北区清水亀井町２６－３３,有限会社ＭＥＴ,令和6年1月1日～令和11年12月31日
薬局,549,薬局セントラルファーマシー長嶺,熊本市東区長嶺南２－８－８３,株式会社ハートフェルト,令和6年1月1日～令和11年12月31日
薬局,552,医療センター前薬局,熊本市南区富合町平原３８７番２,株式会社ミユキメディカル,令和6年1月1日～令和11年12月31日
薬局,553,つつじ薬局,熊本市北区龍田七丁目３６番１８,有限会社　得能薬局,令和6年1月1日～令和11年12月31日
薬局,555,託麻中央薬局,熊本市東区西原一丁目２番６７号,有限会社内牧中央薬局,令和6年1月1日～令和11年12月31日
薬局,556,せぴあ調剤薬局,熊本市東区新生2丁目３番８号,株式会社アステイクメディカル,令和6年1月1日～令和11年12月31日
薬局,557,けやき通り薬局,熊本市南区江越2丁目２４番３７号,有限会社マツヤファーマシー,令和6年1月1日～令和11年12月31日
薬局,562,なないろ薬局　田迎店,熊本市南区田迎１丁目６－３,ＯＣＭ株式会社,令和6年1月1日～令和11年12月31日
薬局,565,太陽堂薬局　日赤前店,熊本市東区月出7丁目１－６－１０２,株式会社太陽堂薬局,平成31年1月1日～令和6年12月31日
薬局,568,みかん薬局,熊本市中央区新屋敷1丁目２１番６号,株式会社くすりのハーモニー,令和元年6月1日～令和7年5月31日
薬局,571,桜木薬局,熊本市東区桜木4丁目１７－１６,有限会社ノムラ,平成31年1月1日～令和6年12月31日
薬局,574,そうごう薬局　上南部店,熊本市東区上南部2丁目４番１号,総合メディカル株式会社,平成31年1月1日～令和6年12月31日
薬局,575,あさがお薬局　画図店,熊本市東区画図町所島１１２－２,ザイタック九州株式会社,平成31年1月1日～令和6年12月31日
薬局,576,グリーン薬局下南部店,熊本市東区下南部三丁目３－１３,有限会社メディックス,令和元年10月16日～令和7年10月15日
薬局,577,有限会社　ナナ薬局　田崎店,熊本市西区田崎２丁目１－６７,有限会社ナナ薬局,平成31年1月1日～令和6年12月31日
薬局,578,そうごう薬局　北帯山店,熊本市中央区帯山4丁目１８番２０号,総合メディカル株式会社,平成31年1月1日～令和6年12月31日
薬局,579,新南部ごふく薬局,熊本市東区新南部2丁目７－６０,有限会社　エングロー,平成31年1月1日～令和6年12月31日
薬局,581,堀川薬局,熊本市北区八景水谷1丁目２４番１０号,吉弘　宏治,令和2年1月1日～令和7年12月31日
薬局,582,はるかぜ薬局,熊本市東区榎町２番１３号,株式会社春風ファーマシー,令和2年1月1日～令和7年12月31日
薬局,584,植木あおぞら薬局,熊本市北区植木町植木５０６番地,翔佑会株式会社,令和2年1月1日～令和7年12月31日
薬局,586,平成さくら薬局,熊本市中央区萩原町１７－２５,株式会社祐心,令和2年1月1日～令和7年12月31日
薬局,588,有限会社河原町薬局,熊本市中央区通町９番地３,有限会社河原町薬局,令和2年1月1日～令和7年12月31日
薬局,590,さくらんぼ薬局,熊本市中央区妙体寺町２－５－１０１,有限会社ミッテル,令和2年1月1日～令和7年12月31日
薬局,591,シルク調剤薬局,熊本市東区新南部三丁目７番１６０号,株式会社シルク調剤薬局,令和2年1月1日～令和7年12月31日
薬局,592,ドラッグイレブン薬局　薬園店,熊本市中央区薬園町４番５号,株式会社ドラッグイレブン,令和2年9月16日～令和8年9月15日
薬局,595,小幡調剤薬局,熊本市中央区子飼本町１－２１,株式会社ファーマダイワ,令和2年1月1日～令和7年12月31日
薬局,596,すずらん薬局,熊本市中央区坪井１－９－２８,株式会社ファーマダイワ,令和2年1月1日～令和7年12月31日
薬局,597,アイリス薬局,熊本市西区池田１－３２－２,株式会社ファーマダイワ,令和2年1月1日～令和7年12月31日
薬局,598,しらゆり薬局,熊本市西区春日1丁目１１－１８,株式会社ファーマダイワ,令和2年1月1日～令和7年12月31日
薬局,599,漢美堂薬局,熊本市中央区水道町２－１１オリエント産業第五ビル１階,オリエント産業株式会社,令和2年1月1日～令和7年12月31日
薬局,603,あさがお薬局,熊本市中央区水前寺4丁目２０番３号,ザイタック九州株式会社,令和3年1月1日～令和8年12月31日
薬局,604,ハーブ調剤薬局,熊本市西区池田2丁目５番２４号,株式会社ａｔ　ｅａｓｅ,令和3年3月13日～令和9年3月12日
薬局,605,なないろ薬局　島崎店,熊本市中央区島崎一丁目３２番８号,ＯＣＭ株式会社,令和3年1月1日～令和8年12月31日
薬局,609,南熊本調剤薬局,熊本市中央区南熊本４－３－２０,株式会社ファーマダイワ,令和3年1月1日～令和8年12月31日
薬局,610,三気堂薬局　川尻店,熊本市南区八幡11丁目７番３２号,有限会社ＭＥＴ,令和3年1月1日～令和8年12月31日
薬局,611,三恵薬局　新地店,熊本市北区清水新地７丁目９番２３号,有限会社峰正商事,令和3年8月1日～令和9年7月31日
薬局,612,春日漢方薬局,熊本市西区春日4丁目２１番１５号,有限会社春日町薬局,令和3年1月1日～令和8年12月31日
薬局,613,メリー薬局,熊本市中央区八王寺町１１－５２,株式会社オルセー,令和3年10月1日～令和9年9月30日
薬局,616,健軍本町薬局,熊本市東区健軍本町１１番８号,株式会社ファーマン,令和3年1月1日～令和8年12月31日
薬局,617,とみお薬局,熊本市西区池田３丁目３７－１４,株式会社ファーマダイワ,令和3年1月1日～令和8年12月31日
薬局,618,そうごう薬局　田原坂店,熊本市北区植木町平原２１０－１,総合メディカル株式会社,令和3年12月1日～令和9年11月30日
薬局,619,アリス薬局,熊本市東区新外3丁目１番１００号,有限会社テイクス,令和3年1月1日～令和8年12月31日
薬局,620,朝日ごふく薬局,熊本市中央区呉服町1丁目４６番地,有限会社呉服薬局,令和4年1月1日～令和9年12月31日
薬局,621,京塚薬局,熊本市中央区帯山３丁目４０番５５号,有限会社京塚薬局,令和4年2月1日～令和10年1月31日
薬局,622,こひつじ薬局,熊本市中央区南熊本4丁目3番39号,株式会社くすりのハーモニー,令和4年1月1日～令和9年12月31日
薬局,629,緒方健康堂薬局,熊本市西区出町５－４０,有限会社ケンコウ堂メデカル,令和4年1月1日～令和9年12月31日
薬局,631,なないろ薬局　長嶺店,熊本市東区長嶺南3丁目８－１００,ＯＣＭ株式会社,令和4年1月1日～令和9年12月31日
薬局,632,うさぎ薬局　帯山店,熊本市中央区帯山4丁目３５１－３５,株式会社　七草堂,令和4年1月1日～令和9年12月31日
薬局,633,あいあい薬局,熊本市中央区帯山1丁目２４ー２５,株式会社ＫＲＨコーポレーション,令和4年8月13日～令和10年8月12日
薬局,634,花園ファルマシア,熊本市西区花園5丁目８－１２,株式会社グリーンノット,令和4年9月3日～令和10年9月2日
薬局,635,えづハート薬局,熊本市東区江津4丁目５番１１号,有限会社植木中央調剤薬局,令和4年1月1日～令和9年12月31日
薬局,636,有限会社赤星薬局,熊本市東区花立3丁目１５番２４号,有限会社赤星薬局,令和4年10月1日～令和10年9月30日
薬局,638,桜山薬局,熊本市中央区黒髪1丁目３－１３,キヤマアポテイク株式会社,令和4年1月1日～令和9年12月31日
薬局,639,そうごう薬局　富合店,熊本市南区富合町新４２４番４,総合メディカル株式会社,令和4年12月10日～令和10年12月9日
薬局,640,そうごう薬局　熊本中央店,熊本市中央区本荘6丁目１番２５号,総合メディカル株式会社,令和5年1月1日～令和10年12月31日
薬局,641,有限会社県庁通薬局,熊本市中央区水前寺公園２８番３８号,有限会社県庁通薬局,令和5年1月1日～令和10年12月31日
薬局,642,上熊本中央薬局,熊本市中央区段山本町６番５号,株式会社ミユキメディカル,令和5年1月1日～令和10年12月31日
薬局,643,さつき薬局レークタウン店,熊本市東区秋津町秋田３４４１－３１,株式会社さつき薬局,令和5年1月1日～令和10年12月31日
薬局,645,いずみ調剤薬局近見店,熊本市南区近見２丁目１８－１,株式会社イズミファーマシー,令和5年4月14日～令和11年4月13日
薬局,646,ゆうかり調剤薬局,熊本市中央区新町二丁目４番７４号,有限会社筑水調剤薬局,令和5年1月1日～令和10年12月31日
薬局,648,ファーコス薬局　あおぞら,熊本市中央区大江一丁目３１番１７号　天翔ビル,株式会社ユニスマイル,令和5年1月1日～令和10年12月31日
薬局,649,太陽堂薬局　小楠公園前店,熊本市東区沼山津四丁目１番２１号,株式会社太陽堂薬局,令和5年1月1日～令和10年12月31日
薬局,650,Ｄ・ＭＬ京塚中央薬局,熊本市中央区帯山三丁目３８番１５号アメニティハイツ京塚１０２,株式会社ディ・エムエル,令和5年6月20日～令和11年6月19日
薬局,651,寮前薬局,熊本市東区栄町１番１５号,西名　由賀里,令和5年1月1日～令和10年12月31日
薬局,654,薬局フェミネックス,熊本市中央区水前寺一丁目１７番２３号,有限会社フェミネックス,令和5年1月1日～令和10年12月31日
薬局,655,ながみね薬局,熊本市東区長嶺南七丁目９番１３号,株式会社フィッシュファーマシー,令和5年1月1日～令和10年12月31日
薬局,657,ハート薬局南熊本店,熊本市中央区南熊本四丁目３－１３,有限会社ハート薬局,令和5年1月1日～令和10年12月31日
薬局,659,ペンギン薬局,熊本市東区上南部二丁目１番７８号,株式会社ティーエスエス,令和5年10月7日～令和11年10月6日
薬局,660,グリーン薬局　月出店,熊本市東区月出1丁目８番３４号,有限会社メディックス,令和5年1月1日～令和10年12月31日
薬局,662,中央病院前調剤薬局,熊本市南区田井島一丁目１１番１３号,株式会社下川薬局,令和5年1月1日～令和10年12月31日
薬局,664,ほたくぼ薬局,熊本市東区保田窪本町１０番１０７号,有限会社アネスト,令和6年1月1日～令和11年12月31日
薬局,666,有限会社調剤薬局ケンコー堂植木店,熊本市北区植木町舞尾５４２－２,有限会社調剤薬局ケンコー堂,令和6年1月1日～令和11年12月31日
薬局,667,株式会社アガペ　保田窪薬局,熊本市東区保田窪五丁目１０番３１号,株式会社アガペ,令和6年1月1日～令和11年12月31日
薬局,668,株式会社アガペ・エコ薬局,熊本市中央区本山一丁目６番９号白木ビル１Ｆ,株式会社アガペ,令和6年1月1日～令和11年12月31日
薬局,669,あんず薬局,熊本市北区山室五丁目６番５号,株式会社ファーマダイワ,令和6年1月1日～令和11年12月31日
薬局,670,あすは薬局,熊本市東区月出五丁目４番５号,株式会社あすは,令和6年1月1日～令和11年12月31日
薬局,674,はくざん調剤薬局,熊本市中央区岡田町１３番２２号,株式会社タカヒロメディカル,令和6年1月1日～令和11年12月31日
薬局,676,有限会社　オガタ薬局,熊本市東区若葉一丁目３７番１１号,有限会社　オガタ薬局,平成30年9月12日～令和6年9月11日
薬局,678,弓削薬局,熊本市北区弓削5丁目12番30号,株式会社ファーマダイワ,令和6年1月1日～令和11年12月31日
薬局,679,株式会社アガペ熊本薬局,熊本市東区湖東２丁目２－２８,株式会社アガペ,平成30年9月18日～令和6年9月17日
薬局,682,漢方相談薬局　薬師　利松,熊本市中央区帯山６丁目７番１４１号,前田　利松,令和6年1月1日～令和11年12月31日
薬局,684,くまもと西部薬局,熊本市中央区古城町１－２,一般社団法人熊本市薬剤師会,平成31年1月1日～令和6年12月31日
薬局,685,本山ごふく薬局,熊本市中央区本山４－８－３８,有限会社呉服薬局,平成31年1月25日～令和7年1月24日
薬局,686,つくし薬局,熊本市北区楠８丁目８－５,株式会社ファーマダイワ,平成31年2月12日～令和7年2月11日
薬局,687,株式会社大賀薬局　帯山店,熊本市中央区帯山８丁目２番５号,株式会社大賀薬局,平成31年3月12日～令和7年3月11日
薬局,688,薬局ワタナベ漢方,熊本市中央区妙体寺町１－３ライオンズマンション藤崎宮前１０１,有限会社ワタナベ漢方,平成31年3月15日～令和7年3月14日
薬局,689,カワノ薬局,熊本市中央区南熊本４－３－８,河野　千惠,平成31年4月1日～令和7年3月31日
薬局,691,シモカワ黒髪調剤薬局,熊本市中央区黒髪６丁目１３－３０,株式会社下川薬局,平成31年3月8日～令和7年3月7日
薬局,1031,ふじさき調剤薬局,熊本市中央区北千反畑町2-3,株式会社タカヒロメディカル,平成31年4月15日～令和7年4月14日
薬局,1036,熊本調剤薬局　平成店,熊本市南区平成２丁目３番２８号,キヤマアポテイク株式会社,令和元年5月13日～令和7年5月12日
薬局,1054,月出薬局,熊本市東区月出2丁目4番77号,有限会社赤星薬局,令和元年6月1日～令和7年5月31日
薬局,1063,薬局　昊,熊本市南区薄場3丁目11番47号,有限会社坂本調剤薬局,令和元年8月9日～令和7年8月8日
薬局,1071,花園ファルマシア琴平通り店,熊本市中央区本荘町720-1,株式会社グリーンノット,令和元年10月16日～令和7年10月15日
薬局,1073,菜の花薬局,熊本市中央区花畑町1-5尚亜ビル2F,有限会社直方メディカルサービス,令和元年11月18日～令和7年11月17日
薬局,1077,DI薬局　水前寺店,熊本市中央区出水1-4-39,株式会社ネイバーズ,令和2年1月1日～令和7年12月31日
薬局,1079,ながみね東薬局,熊本市東区長嶺東2丁目11番94号,株式会社　ＭＹＵ,令和2年1月17日～令和8年1月16日
薬局,1081,共生薬局,熊本市南区御幸笛田二丁目15番43号,アルファルマ株式会社,令和2年2月1日～令和8年1月31日
薬局,1082,さにい薬局　上熊本店,熊本市西区上熊本2丁目13-11,サニーファーマシー株式会社,令和2年2月17日～令和8年2月16日
薬局,1083,大学堂薬局　藤崎宮前支店,熊本市中央区南千反畑町11番5号,大森合資会社,令和2年2月20日～令和8年2月19日
薬局,1090,三気堂薬局　八景水谷店,熊本市北区清水亀井町19-10,有限会社ＭＥＴ,令和2年3月20日～令和8年3月19日
薬局,1097,かがやき薬局,熊本市西区新土河原2丁目3-46,有限会社ミッテル,令和2年4月16日～令和8年4月15日
薬局,1098,ぱーく調剤薬局,熊本市東区東町4丁目6-35,芝田　哲夫,令和2年6月1日～令和8年5月31日
薬局,1102,草木堂薬局,熊本市南区近見8-1-12,太田　倫子,令和2年7月1日～令和8年6月30日
薬局,1106,うさぎ薬局古川町店,熊本市中央区古川町18番地,株式会社　七草堂,令和2年7月1日～令和8年6月30日
薬局,1107,ほたる薬局,熊本市北区鶴羽田1丁目14番5号,株式会社トータル・メディカルサービス,令和2年7月1日～令和8年6月30日
薬局,1112,麦わら薬局,熊本市東区小山町1815-1,株式会社恵実香,令和2年8月18日～令和8年8月17日
薬局,1113,うさぎ薬局島崎店,熊本市西区島崎5丁目4番31号,株式会社　七草堂,令和2年9月1日～令和8年8月31日
薬局,1114,つぼい調剤薬局,熊本市中央区坪井2丁目6-20,株式会社Ｋファーマ,令和2年9月4日～令和8年9月3日
薬局,1116,大信薬局　平田店,熊本市南区平田1丁目12-3,株式会社大信薬局,令和2年9月17日～令和8年9月16日
薬局,1117,なないろ薬局　山ノ神店,熊本市東区山ノ神2丁目14-90,ＯＣＭ株式会社,令和2年9月17日～令和8年9月16日
薬局,1121,アクア調剤薬局,熊本市南区野口2丁目12-11,有限会社ソラリス,令和2年10月15日～令和8年10月14日
薬局,1125,みんなの薬局,熊本市中央区黒髪２丁目31番27号,株式会社　ＫＭＫ,令和2年11月19日～令和8年11月18日
薬局,1126,さつき薬局水道町店,熊本市中央区水道町8-2,株式会社　さつき薬局,令和2年12月1日～令和8年11月30日
薬局,1130,長嶺ごふく薬局,熊本市東区長嶺南6丁目25-3,有限会社　エングロー,令和3年1月15日～令和9年1月14日
薬局,1133,水前寺公園薬局,熊本市中央区水前寺公園5番38号,株式会社フィッシュファーマシー,令和3年2月13日～令和9年2月12日
薬局,1579,むさしが丘薬局,熊本市北区武蔵ヶ丘4-10-11,株式会社　メビウス,令和3年4月6日～令和9年4月5日
薬局,1581,三気堂薬局　イオンタウン田崎店,熊本県熊本市西区田崎町字下寄380番地,有限会社　ＭＥＴ,令和3年4月17日～令和9年4月16日
薬局,1586,せいら調剤薬局,熊本市東区下江津2丁目13-1,株式会社九品寺ファーマ,令和3年5月7日～令和9年5月6日
薬局,1588,ミユキ薬局上熊本店,熊本市西区上熊本3丁目22番1号,株式会社ミユキメディカル,令和3年5月15日～令和9年5月14日
薬局,1595,シモカワ熊大前調剤薬局,熊本市中央区九品寺1丁目18番15号,株式会社　下川薬局,令和3年8月1日～令和9年7月31日
薬局,1608,三気堂薬局　龍田店,熊本市北区龍田8丁目15-68,有限会社ＭＥＴ,令和3年9月7日～令和9年9月6日
薬局,1621,アイン薬局　富合店,熊本市南区富合町古閑959-1,株式会社アインファーマシーズ,令和3年11月1日～令和9年10月31日
薬局,1633,シモカワ渡鹿調剤薬局,熊本市中央区渡鹿1丁目17番19号,株式会社　下川薬局,令和3年11月16日～令和9年11月15日
薬局,1645,有限会社 すこやか薬局,熊本市中央区世安3丁目12番1号,有限会社 すこやか薬局,令和4年1月1日～令和9年12月31日
薬局,1647,レインボー薬局,熊本市北区山室6丁目532-4,株式会社　ファーマダイワ,令和4年2月1日～令和10年1月31日
薬局,1656,熊本調剤薬局　セイラ店,熊本市東区下江津7丁目7番22号,キヤマアポテイク株式会社,令和4年3月2日～令和10年3月1日
薬局,1659,すいげん調剤薬局,熊本市東区水源2丁目3-13,株式会社エニードア,令和4年3月16日～令和10年3月15日
薬局,1660,高橋薬局　エルア,熊本市中央区白山2丁目11-22,合資会社　高橋薬局,令和4年3月17日～令和10年3月16日
薬局,1662,ひまわり薬局,熊本市中央区神水1-20-7,一般社団法人健康共同ファルマ,令和4年4月1日～令和10年3月31日
薬局,1664,すみれ薬局,熊本市中央区本荘2-14-13,一般社団法人健康共同ファルマ,令和4年4月1日～令和10年3月31日
薬局,1666,くすの木薬局,熊本市北区龍田5-1-43,一般社団法人健康共同ファルマ,令和4年4月1日～令和10年3月31日
薬局,1675,広田薬局,熊本県熊本市中央区出水4丁目35番18号,有限会社広田薬局,令和4年4月25日～令和10年4月24日
薬局,1681,株式会社　聖心堂薬局,熊本県熊本市西区二本木１丁目2-28,株式会社　聖心堂,令和4年6月1日～令和10年5月31日
薬局,1686,新生堂薬局　島崎店,熊本市西区島崎2丁目22番29号,株式会社新生堂薬局,令和4年7月1日～令和10年6月30日
薬局,1687,高橋薬局　エコル,熊本市中央区水前寺公園３-４-1Ｆ,合資会社　高橋薬局,令和4年6月17日～令和10年6月16日
薬局,1692,有限会社　松林堂薬局　田崎店,熊本市西区春日7丁目21-8,有限会社 松林堂,令和4年6月24日～令和10年6月23日
薬局,1707,凌雲堂薬局,熊本市東区山ノ神二丁目2-31,有限会社凌雲堂,令和4年8月1日～令和10年7月31日
薬局,1708,むさし塚駅前薬局,熊本市北区武蔵ケ丘1-8-21,株式会社アガペ,令和4年8月1日～令和10年7月31日
薬局,1713,わかば薬局,熊本市東区秋津新町１－４１,上山　洋一,令和4年9月1日～令和10年8月31日
薬局,1723,うえき薬局,熊本市北区植木町植木463番地,株式会社メビウス,令和4年10月3日～令和10年10月2日
薬局,1740,花園ファルマシア新市街店,熊本市中央区新市街12-3,株式会社グリーンノット,令和4年12月19日～令和10年12月18日
薬局,1742,カモミール薬局,熊本市中央区室園町10-1,株式会社エムアンドエムカンパニー,令和5年1月16日～令和11年1月15日
薬局,1743,ミユキ薬局月出店,熊本市東区月出1丁目5番12号,株式会社ミユキメディカル,令和5年1月18日～令和11年1月17日
薬局,1744,むさし薬局,熊本市北区楠7丁目15番19号,株式会社ファーマダイワ,令和5年1月19日～令和11年1月18日
薬局,1749,ミドリ薬局　水前寺店,熊本市中央区新大江３丁目12-15,株式会社エフエム,令和5年2月16日～令和11年2月15日
薬局,1758,レモン薬局,熊本市中央区九品寺1丁目14番18号,有限会社　ベクトル,令和5年3月16日～令和11年3月15日
薬局,1759,タケシタ調剤薬局　熊本店,熊本市中央区大江3丁目2-60,株式会社タケシタ調剤薬局,令和5年4月1日～令和11年3月31日
薬局,1762,アガペ 熊本中央薬局,熊本市中央区練兵町４３,株式会社アガペ,令和5年4月1日～令和11年3月31日
薬局,1766,フレンド薬局,熊本市東区桜木1丁目1番14号,株式会社フレンド薬局,令和5年5月1日～令和11年4月30日
薬局,1771,グリーンローズ薬局,熊本市東区小山6丁目1446番6,グリーンローズ株式会社,令和5年6月1日～令和11年5月31日
薬局,1779,なないろ薬局　御領店,熊本市東区御領2丁目19-9,ＯＣＭ株式会社,令和5年6月16日～令和11年6月15日
薬局,1788,三気堂薬局　津浦店,熊本市北区津浦町13-45,有限会社ＭＥＴ,令和5年8月1日～令和11年7月31日
薬局,1808,まりも薬局,熊本市北区楠6丁目6-55村上ビル1階,株式会社夢想,令和5年9月13日～令和11年9月12日
薬局,1809,熊本調剤薬局　江津店,熊本市東区下江津4丁目1番23号,キヤマアポテイク株式会社,令和5年10月10日～令和11年10月9日
薬局,1813,はくざん中央薬局,熊本市中央区菅原町1-1,有限会社アップル薬局,令和5年11月1日～令和11年10月31日
薬局,1817,有限会社九品寺調剤薬局,熊本市中央区九品寺5丁目7番12号,有限会社九品寺調剤薬局,令和5年11月6日～令和11年11月5日
薬局,1820,小峯ごふく薬局,熊本市東区長嶺南5-1-1,有限会社エングロー,令和5年12月1日～令和11年11月30日
薬局,1823,花みずき薬局,熊本市中央区新町１丁目8番21号,株式会社ファーマダイワ,令和5年12月1日～令和11年11月30日
薬局,1825,ぱる薬局　田崎店,熊本市西区田崎2丁目5-34,株式会社　真英,令和5年12月19日～令和11年12月18日
薬局,1828,スマイル薬局,熊本市北区植木町鐙田1029-3,株式会社ファーマダイワ,令和6年1月1日～令和11年12月31日
薬局,1829,ふじさん薬局,熊本市中央区国府2丁目17-35,株式会社ふじさん薬局,令和6年1月1日～令和11年12月31日
薬局,1830,たさき薬局,熊本市西区春日7-21-16,株式会社メビウス,令和6年1月4日～令和12年1月3日
薬局,1834,県庁前アース薬局,熊本市中央区神水2丁目17-25,株式会社キャッスルメディカル,令和6年1月17日～令和12年1月16日
薬局,1844,こもれび薬局　熊高正門前,熊本市中央区新大江一丁目12-17,合同会社ＳＳＧメディカル,令和6年3月13日～令和12年3月12日
薬局,1847,水前寺ごふく薬局,熊本市中央区水前寺2丁目6-1,有限会社　呉服薬局,令和6年4月1日～令和12年3月31日
薬局,1853,漢方の永里三天堂薬局,熊本市中央区琴平2-1-32,有限会社　永里三天堂,令和6年4月16日～令和12年4月15日
薬局,1867,さくらざか薬局　九品寺店,熊本市中央区九品寺1丁目16-6-201セニック九品寺2F,株式会社いわしや窪田,平成30年6月12日～令和6年6月11日
薬局,1872,日本調剤熊本南薬局,熊本市南区御幸木部1-2-38,日本調剤株式会社,平成30年8月1日～令和6年7月31日
薬局,1879,クオール薬局　熊本中央店,熊本市中央区渡鹿5-1-26,クオール株式会社,平成30年10月1日～令和6年9月30日
薬局,1891,グリーン薬局戸島店,熊本市東区戸島西三丁目2番37号,有限会社メディックス,平成30年11月19日～令和6年11月18日
薬局,1894,マーガレット薬局,熊本市中央区琴平本町３－５５,株式会社　ニアユー,平成30年12月14日～令和6年12月13日
薬局,1895,なないろ薬局　江越店,熊本市南区江越2丁目10-13,ＯＣＭ株式会社,平成30年12月17日～令和6年12月16日
薬局,1908,はやぶさ薬局 八王寺店,熊本市中央区八王寺町２６番１９号,株式会社 絆,平成31年4月1日～令和7年3月31日
薬局,1910,新生堂薬局 田井島店,熊本市南区田井島二丁目３番４３号,株式会社新生堂薬局,平成31年3月13日～令和7年3月12日
薬局,1911,大信薬局　錦ヶ丘店,熊本市東区健軍本町1番6号,株式会社ディー・シー・トレーディング,平成31年4月1日～令和7年3月31日
薬局,1919,アロハ薬局　春日店,熊本市西区春日7丁目16-7,アロハライフ株式会社,令和元年7月1日～令和7年6月30日
薬局,1920,薬局　渡辺ファーマシー,熊本市南区馬渡1丁目14-25,有限会社渡邉ファーマシー,令和元年7月16日～令和7年7月15日
薬局,1921,タケシタ調剤薬局 市民病院前店,熊本市東区東町４丁目３－４０,株式会社タケシタ調剤薬局,令和元年7月17日～令和7年7月16日
薬局,1932,シモカワ薬局さくらまち店,熊本市中央区桜町3番10号サクラマチ クマモト B1,株式会社下川薬局,令和元年9月13日～令和7年9月12日
薬局,1937,新生堂薬局　国府店,熊本市中央区国府本町8番5号,株式会社新生堂薬局,令和元年9月12日～令和7年9月11日
薬局,1940,シモカワ薬局東町店,熊本市東区東町4丁目2番52号,株式会社下川薬局,令和元年9月17日～令和7年9月16日
薬局,1943,日本調剤　熊本薬局,熊本市東区東町4丁目1番69号,日本調剤株式会社,令和元年10月1日～令和7年9月30日
薬局,1949,アイン薬局　熊本城南店,熊本市南区城南町今吉野丸山282-1,株式会社アインファーマシーズ,令和元年11月1日～令和7年10月31日
薬局,1950,はちみつ薬局,熊本市東区戸島西三丁目1番36号,有限会社みわ,令和元年11月1日～令和7年10月31日
薬局,1951,草津屋薬局,熊本市南区川尻1丁目3-13,浦山　真頼,令和元年11月1日～令和7年10月31日
薬局,1957,さくら薬局小島店,熊本市西区小島3丁目39-5,株式会社さくら,令和元年12月1日～令和7年11月30日
薬局,1958,新屋敷調剤薬局,熊本市中央区新屋敷1丁目17-12,オアシスファーマ株式会社,令和元年12月1日～令和7年11月30日
薬局,1960,好和堂薬局,熊本市中央区辛島町5番17号,合田　貞代,令和元年12月1日～令和7年11月30日
薬局,1965,よつば調剤薬局戸島店,熊本市東区戸島西三丁目7番14号,株式会社ＩＦオリーブ,令和元年12月17日～令和7年12月16日
薬局,1966,けんこう調剤薬局,熊本市中央区南熊本1丁目9-25MRRくまもと2F,株式会社クレセントファーマシー,令和元年12月18日～令和7年12月17日
薬局,1967,新外薬局,熊本市東区新外4丁目6-10,株式会社ハートフェルト,令和2年1月1日～令和7年12月31日
薬局,1968,麻生田調剤薬局,熊本市北区麻生田三丁目11番10号,有限会社フクモト,令和2年1月1日～令和7年12月31日
薬局,1972,在宅えいよう薬局,熊本市東区榎町3-52,株式会社Nutraise,令和2年1月15日～令和8年1月14日
薬局,1973,ミント薬局,熊本市北区八景水谷4丁目2番16号,有限会社光の森中央薬品,令和2年1月16日～令和8年1月15日
薬局,1976,太陽堂薬局　九品寺交差店,熊本市中央区九品寺1丁目2番23号MCビル3階,株式会社太陽堂薬局,令和2年2月12日～令和8年2月11日
薬局,1983,つぼみ薬局,熊本市中央区坪井6丁目22番6号,有限会社オフィス81,令和2年3月12日～令和8年3月11日
薬局,1985,新生堂薬局　尾ノ上店,熊本市東区尾ノ上2丁目3-28,株式会社新生堂薬局　,令和2年3月13日～令和8年3月12日
薬局,1986,植木交番前薬局,熊本市北区植木町植木534番地,株式会社フィッシュファーマシー,令和2年3月16日～令和8年3月15日
薬局,1988,新屋敷ごふく薬局,熊本市中央区新屋敷1丁目14-20,有限会社エングロー,令和2年3月18日～令和8年3月17日
薬局,1994,大学堂薬局　熊本駅前支店,熊本市西区春日2丁目1番24号グッドライフ熊本駅前2階,大森合資会社,令和2年4月17日～令和8年4月16日
薬局,1999,りんどう薬局,熊本市北区植木町岩野454-3,有限会社りんどう薬局,令和2年5月1日～令和8年4月30日
薬局,2006,アップル薬局くすのき店,熊本市北区楠6丁目1番5号,有限会社アップル薬局,令和2年5月19日～令和8年5月18日
薬局,2007,一般財団法人　恵和会　保険薬局,熊本市中央区九品寺1丁目19-9,一般財団法人恵和会,令和2年6月1日～令和8年5月31日
薬局,2009,大学堂薬局　本店,熊本市中央区水道町1番27号,大森合資会社,令和2年6月1日～令和8年5月31日
薬局,2015,タカヒロ薬局　水前寺店,熊本市中央区水前寺二丁目19番10号,株式会社タカヒロメディカル,令和2年6月9日～令和8年6月8日
薬局,2018,タカヒロ薬局　尾ノ上店,熊本市東区尾ノ上一丁目14番25号,株式会社タカヒロメディカル,令和2年7月8日～令和8年7月7日
薬局,2020,共生薬局　花立店,熊本市東区花立2-6-11,アルファルマ株式会社,令和2年8月1日～令和8年7月31日
薬局,2021,共生薬局　城南店,熊本市南区城南町千町2112,アルファルマ株式会社,令和2年8月1日～令和8年7月31日
薬局,2024,山崎町調剤薬局,熊本市中央区山崎町31,株式会社ＮＹＫ,令和2年8月1日～令和8年7月31日
薬局,2028,ミユキ薬局　龍田店,熊本市北区龍田７丁目６番２号,株式会社ミユキメディカル,令和2年8月13日～令和8年8月12日
薬局,2029,水前寺本町薬局,熊本市中央区水前寺２丁目20-32,株式会社フィッシュファーマシー,令和2年8月14日～令和8年8月13日
薬局,2038,田迎薬局,熊本市南区出仲間8丁目1-10,株式会社ＫＲＨコーポレーション,令和2年10月1日～令和8年9月30日
薬局,2039,みんなの薬局　南熊本店,熊本市中央区南熊本2丁目9番4号,株式会社ＫＭＫ,令和2年10月16日～令和8年10月15日
薬局,2040,ミユキ薬局　日赤前店,熊本市東区長嶺南2丁目2-41,株式会社ミユキメディカル,令和2年10月16日～令和8年10月15日
薬局,2049,ファーマダイワ水前寺薬局,熊本市中央区水前寺2丁目17-12,株式会社ファーマダイワ,令和2年11月17日～令和8年11月16日
薬局,2055,ミユキ薬局　画図店,熊本市東区画図町大字重富474番地1,株式会社ミユキメディカル,令和2年12月15日～令和8年12月14日
薬局,2062,丸十薬局,熊本市中央区南熊本3-7-25,株式会社熊本幸生,令和3年2月1日～令和9年1月31日
薬局,2069,フジモト薬局,熊本市東区花立5丁目1-36-2F-A,有限会社豊津中央薬局,令和3年2月19日～令和9年2月18日
薬局,2074,共生薬局　南高江店,熊本市南区南高江7丁目7番54号,アルファルマ株式会社,令和3年3月1日～令和9年2月28日
薬局,2080,福永調剤薬局　城南店,熊本市南区城南町阿高147-7,株式会社ココカラファインヘルスケア,令和3年4月1日～令和9年3月31日
薬局,2083,しらつぼ薬局,熊本市西区田崎1丁目3番76号,有限会社ナナ薬局,令和3年3月18日～令和9年3月17日
薬局,2091,漢方みず堂薬局　同仁堂アミュプラザくまもと店,熊本市西区春日3丁目15番26号アミュプラザくまもと3階,株式会社同仁堂,令和3年4月15日～令和9年4月14日
薬局,2095,太陽堂薬局　水前寺公園店,熊本市中央区水前寺公園15番37号IDEOビル2階,株式会社太陽堂薬局,令和3年5月10日～令和9年5月9日
薬局,2097,しみず調剤薬局,熊本市北区清水新地2丁目16-28,有限会社コム,令和3年6月1日～令和9年5月31日
薬局,2105,かごまち薬局,熊本市中央区安政町5-15熊本第一ファームビル1Ｆ,株式会社のぞみメディカル,令和3年7月1日～令和9年6月30日
薬局,2114,ねむの木薬局,熊本市東区長嶺南三丁目3番9号,株式会社メビウス,令和3年9月9日～令和9年9月8日
薬局,2118,三恵薬局　田迎店,熊本市南区馬渡2丁目12-18,有限会社峰正商事,令和3年9月24日～令和9年9月23日
薬局,2119,とみあい薬局,熊本市南区富合町田尻294番地1,株式会社MG調剤,令和3年10月1日～令和9年9月30日
薬局,2121,りんご薬局,熊本市東区八反田3-20-1,南日本薬品株式会社,令和3年9月17日～令和9年9月16日
薬局,2125,よもぎ薬局,熊本市北区四方寄町1286-3,株式会社はやし薬局,令和3年10月1日～令和9年9月30日
薬局,2131,田崎ごふく薬局,熊本市西区田崎一丁目3番88号,有限会社呉服薬局,令和3年10月19日～令和9年10月18日
薬局,2136,植木きさらぎ薬局,熊本市北区植木町広住４１９番地１０９,株式会社ハートフェルト,令和3年12月1日～令和9年11月30日
薬局,2147,熊本調剤薬局　城山店,熊本市西区城山大塘1丁目24番20号,キヤマアポテイク株式会社,令和4年1月27日～令和10年1月26日
薬局,2149,上水前寺薬局,熊本市中央区上水前寺２丁目２－３,有限会社阿蘇中央調剤薬局,令和4年2月14日～令和10年2月13日
薬局,2151,江津湖調剤薬局,熊本市東区湖東3丁目3-1,株式会社クオリティプランニング,令和4年2月17日～令和10年2月16日
薬局,2154,太陽堂薬局　県庁東店,熊本市中央区上京塚町２番１７号,株式会社太陽堂薬局,令和4年3月10日～令和10年3月9日
薬局,2159,共生薬局　硯川店,熊本市北区硯川町1131,アルファルマ株式会社,令和4年4月1日～令和10年3月31日
薬局,2163,グリーン薬局　黒髪店,熊本市中央区黒髪５－２－６,株式会社ミルキーファーマシー,令和4年4月1日～令和10年3月31日
薬局,2166,グリーン薬局　小峯店,熊本市東区小峯２－２－１５４,株式会社ミルキーファーマシー,令和4年4月1日～令和10年3月31日
薬局,2169,ウエルシア薬局　熊本麻生田店,熊本市北区麻生田二丁目4番10号,ウエルシア薬局株式会社,令和4年4月20日～令和10年4月19日
薬局,2173,ゆめいろ薬局,熊本市南区近見2丁目4-55,雅FamilyPharmacy株式会社,令和4年4月18日～令和10年4月17日
薬局,2174,ルピナス薬局,熊本市西区蓮台寺2丁目6-7,株式会社KANON,令和4年4月18日～令和10年4月17日
薬局,2176,共生薬局　在宅調剤センター南店,熊本市南区御幸笛田6丁目7－1,アルファルマ株式会社,令和4年4月19日～令和10年4月18日
薬局,2178,うさぎ薬局　女子大通店,熊本市中央区帯山3丁目15-11,株式会社七草堂,令和4年5月1日～令和10年4月30日
薬局,2179,城南中央薬局,熊本市南区城南町隈庄943番地7,株式会社城南メディカル,令和4年6月1日～令和10年5月31日
薬局,2182,なないろ薬局　水前寺店,熊本市中央区水前寺５丁目１５－６,ＯＣＭ株式会社,令和4年7月13日～令和10年7月12日
薬局,2183,いろは薬局,熊本市中央区八王寺町３６番４３号,株式会社あすは,令和4年7月15日～令和10年7月14日
薬局,2186,アイン薬局　熊本中央病院店,熊本市南区田井島1丁目5番50号,株式会社アインファーマシーズ,令和4年9月1日～令和10年8月31日
薬局,2189,新生堂薬局　田崎店,熊本市西区春日7丁目28番10号,株式会社新生堂薬局,令和4年9月9日～令和10年9月8日
薬局,2190,有限会社　松林堂薬局　花園店,熊本市西区花園1丁目20-63,有限会社松林堂,令和4年10月1日～令和10年9月30日
薬局,2192,すこやか堂薬局　江津店,熊本市東区下江津3丁目15-22,有限会社西口晴秀堂,令和4年11月1日～令和10年10月31日
薬局,2197,こくぶ薬局,熊本市中央区国府1丁目21番23号,株式会社トレニア,令和4年10月18日～令和10年10月17日
薬局,2202,保険調剤薬局　アシスト,熊本市東区長嶺西1-6-95ル・メヨール1-Ｄ号,株式会社熊本幸生,令和5年1月1日～令和10年12月31日
薬局,2205,さどわらみのり薬局,熊本市東区佐土原2丁目6番15号,有限会社　おくすりの本舗,令和5年2月13日～令和11年2月12日
薬局,2210,りんご薬局　東海大前店,熊本市東区渡鹿8-11-34,南日本薬品株式会社,令和5年3月1日～令和11年2月28日
薬局,2215,海浜総合薬局　御幸店,熊本市南区御幸西2丁目3番77号,株式会社　SKY CREATE,令和5年4月1日～令和11年3月31日
薬局,2217,グリーン薬局佐土原店,熊本市東区佐土原三丁目11番40号,有限会社メディックス,令和5年3月15日～令和11年3月14日
薬局,2218,しんち薬局,熊本市北区清水新地6-8-22,株式会社メビウス,令和5年3月16日～令和11年3月15日
薬局,2238,けんぐん薬局,熊本市東区若葉二丁目8番6号,株式会社ファーマダイワ,令和5年7月1日～令和11年6月30日
薬局,2240,おびやま調剤薬局,熊本市中央区帯山2-12-13,株式会社三栄メディカル,令和5年6月20日～令和11年6月19日
薬局,2242,りんご薬局　明午橋店,熊本市中央区南千反畑町14-27,南日本薬品株式会社,令和5年7月1日～令和11年6月30日
薬局,2246,ウエルシアプラス薬局　熊本島町店,熊本市南区島町3丁目11番48号,イオンウエルシア九州株式会社,令和5年7月14日～令和11年7月13日
薬局,2249,フレンド薬局　京町台店,熊本市中央区京町2丁目14番15-1,株式会社デライト,令和5年7月20日～令和11年7月19日
薬局,2254,ジロー薬局,熊本市西区上代4丁目13番28号,前田　二郎,令和5年9月6日～令和11年9月5日
薬局,2255,ドラッグイレブン薬局　月出店,熊本市東区月出1丁目5番17号,株式会社ドラッグイレブン,令和5年9月19日～令和11年9月18日
薬局,2260,さくら調剤薬局　楠店,熊本市北区楠7丁目1-65,さくら薬局株式会社,令和5年11月1日～令和11年10月31日
薬局,2262,さくら調剤薬局　武蔵ケ丘店,熊本市北区武蔵ケ丘7丁目1-4,さくら薬局株式会社,令和5年11月1日～令和11年10月31日
薬局,2264,さくら調剤薬局　浜線店,熊本市南区良町1丁目22番17号,さくら薬局株式会社,令和5年11月1日～令和11年10月31日
薬局,2265,さくら調剤薬局　坪井店,熊本市中央区坪井1丁目2-24,さくら薬局株式会社,令和5年11月1日～令和11年10月31日
薬局,2267,さくら調剤薬局　植木店,熊本市北区改寄町字西久保2356-1,さくら薬局株式会社,令和5年11月1日～令和11年10月31日
薬局,2269,さくら調剤薬局　城南店,熊本市南区城南町藤山字南火ノ宮361番6,さくら薬局株式会社,令和5年11月1日～令和11年10月31日
薬局,2271,さくら調剤薬局　上熊本店,熊本市西区上熊本2丁目12-25,さくら薬局株式会社,令和5年11月1日～令和11年10月31日
薬局,2276,さくら調剤薬局　北部店,熊本市北区楠野町1068-3,さくら薬局株式会社,令和5年11月1日～令和11年10月31日
薬局,2278,さくら調剤薬局　保田窪店,熊本市東区保田窪本町13-1,さくら薬局株式会社,令和5年11月1日～令和11年10月31日
薬局,2280,さくら調剤薬局　本山店,熊本市中央区本山4丁目1-13セラコート本山1F,さくら薬局株式会社,令和5年11月1日～令和11年10月31日
薬局,2282,さくら調剤薬局　月出店,熊本市東区月出六丁目5-126,さくら薬局株式会社,令和5年11月1日～令和11年10月31日
薬局,2284,さくら調剤薬局　小峯店,熊本市東区小峯2丁目1-7,さくら薬局株式会社,令和5年11月1日～令和11年10月31日
薬局,2286,パンダ調剤薬局,熊本市中央区水前寺4丁目52-51,有限会社　ココ薬局,令和5年11月1日～令和11年10月31日
薬局,2287,ふれあい通り　出水調剤薬局,熊本市中央区出水4丁目25-30,株式会社Lieb,令和5年11月1日～令和11年10月31日
薬局,2292,新生堂薬局　熊本東在宅サポートセンター,熊本市東区佐土原3丁目11-98,株式会社新生堂薬局　,令和5年11月17日～令和11年11月16日
薬局,2308,ドラッグセイムス熊本龍田薬局,熊本市北区龍田九丁目4番39号,株式会社九州セイムス,令和6年2月12日～令和12年2月11日
薬局,2309,ミユキ薬局　出仲間店,熊本市南区出仲間5丁目2番16号,株式会社ミユキメディカル,令和6年3月6日～令和12年3月5日
薬局,2311,新生堂薬局　佐土原店,熊本市東区佐土原3丁目11-99,株式会社新生堂薬局　,令和6年3月22日～令和12年3月21日
薬局,2313,さどわら薬局,熊本市東区佐土原2丁目5番115号,有限会社ノムラ,令和6年4月1日～令和12年3月31日
薬局,2314,有限会社　松林堂薬局　龍田店,熊本市北区龍田1丁目16-6,有限会社松林堂,令和6年4月1日～令和12年3月31日
薬局,2315,あおば薬局,熊本市東区若葉3丁目12番10-1号,フランティ株式会社,令和6年3月19日～令和12年3月18日
薬局,2323,はちみつ薬局,熊本市東区戸島西三丁目1番36号,合同会社　KUSU,令和6年5月1日～令和12年4月30日
薬局,2324,グリーン薬局　春日店,熊本市西区春日7丁目19-6,株式会社グラーティア,令和6年5月1日～令和12年4月30日
薬局,2325,共生薬局　島町店,熊本市南区島町四丁目14-36,アルファルマ株式会社,令和6年4月16日～令和12年4月15日
